time,mbps
2024-06-27 19:08:11,0.061808
2024-06-27 19:08:14,0.57896
2024-06-27 19:08:15,7.237024
2024-06-27 19:08:16,24.617328
2024-06-27 19:08:17,17.730072
2024-06-27 19:08:18,35.361376
2024-06-27 19:08:19,23.724888
2024-06-27 19:08:20,12.904344
2024-06-27 19:08:22,5.629936
2024-06-27 19:08:23,0.00032
2024-06-27 19:08:26,4.271264
2024-06-27 19:08:30,3.773632
2024-06-27 19:08:33,6.504408
2024-06-27 19:08:36,3.091912
2024-06-27 19:08:43,1.929944
2024-06-27 19:08:46,2.51172
2024-06-27 19:08:51,1.47732
2024-06-27 19:08:54,1.3964
2024-06-27 19:08:57,0.008496
2024-06-27 19:08:58,0.969848
2024-06-27 19:09:00,1.222504
2024-06-27 19:09:03,0.008496
2024-06-27 19:09:04,1.030128
2024-06-27 19:09:08,1.751952
2024-06-27 19:09:11,0.003104
2024-06-27 19:09:13,1.2812
2024-06-27 19:09:14,0.433384
2024-06-27 19:09:16,0.225832
2024-06-27 19:09:17,0.00096
2024-06-27 19:09:18,2.443632
2024-06-27 19:09:19,0.05948
2024-06-27 19:09:20,0.03756
2024-06-27 19:09:22,0.00128
2024-06-27 19:09:23,1.025536
2024-06-27 19:09:28,1.218688
2024-06-27 19:09:33,3.023848
2024-06-27 19:09:37,0.2428
2024-06-27 19:09:38,1.905856
2024-06-27 19:09:42,1.263312
2024-06-27 19:09:45,1.41012
2024-06-27 19:09:48,1.772088
2024-06-27 19:09:54,1.422184
2024-06-27 19:10:00,2.524824
2024-06-27 19:10:03,1.462104
2024-06-27 19:10:12,2.306776
2024-06-27 19:10:14,0.418224
2024-06-27 19:10:16,0.347888
2024-06-27 19:10:17,1.923632
2024-06-27 19:10:20,0.001528
2024-06-27 19:10:21,0.85736
2024-06-27 19:10:22,0.560584
2024-06-27 19:10:26,1.789008
2024-06-27 19:10:29,1.145
2024-06-27 19:10:36,5.72336
2024-06-27 19:10:37,8.502848
2024-06-27 19:10:40,4.097904
2024-06-27 19:10:44,1.58488
2024-06-27 19:10:49,0.008496
2024-06-27 19:10:50,1.103472
2024-06-27 19:10:54,1.13336
2024-06-27 19:10:55,1.565112
2024-06-27 19:10:57,3.676504
2024-06-27 19:11:00,1.628896
2024-06-27 19:11:01,2.722072
2024-06-27 19:11:05,5.531112
2024-06-27 19:11:10,2.276656
2024-06-27 19:11:11,2.503136
2024-06-27 19:11:13,1.796608
2024-06-27 19:11:14,2.506416
2024-06-27 19:11:16,0.146288
2024-06-27 19:11:18,0.026872
2024-06-27 19:11:20,3.239672
2024-06-27 19:11:25,1.153096
2024-06-27 19:11:27,0.008496
2024-06-27 19:11:28,1.59084
2024-06-27 19:11:30,2.633312
2024-06-27 19:11:37,3.673896
2024-06-27 19:11:40,2.159224
2024-06-27 19:11:43,0.971664
2024-06-27 19:11:46,0.884576
2024-06-27 19:11:50,0.008496
2024-06-27 19:11:51,0.897296
2024-06-27 19:11:54,0.903128
2024-06-27 19:11:58,1.619048
2024-06-27 19:12:01,0.735232
2024-06-27 19:12:04,0.671976
2024-06-27 19:12:06,1.103144
2024-06-27 19:12:10,0.97984
2024-06-27 19:12:14,0.417688
2024-06-27 19:12:15,0.00032
2024-06-27 19:12:16,0.117368
2024-06-27 19:12:17,1.101248
2024-06-27 19:12:21,0.00032
2024-06-27 19:12:22,1.028512
2024-06-27 19:12:27,0.990064
2024-06-27 19:12:29,0.913368
2024-06-27 19:12:32,8.251136
2024-06-27 19:12:36,7.41
2024-06-27 19:12:42,5.430368
2024-06-27 19:12:46,3.59364
2024-06-27 19:12:47,1.847392
2024-06-27 19:12:51,3.759512
2024-06-27 19:12:52,4.29608
2024-06-27 19:12:54,4.024976
2024-06-27 19:12:57,4.450944
2024-06-27 19:12:58,0.096904
2024-06-27 19:13:01,4.080368
2024-06-27 19:13:04,5.69644
2024-06-27 19:13:07,2.15724
2024-06-27 19:13:11,2.272312
2024-06-27 19:13:14,0.41924
2024-06-27 19:13:16,1.978944
2024-06-27 19:13:19,2.324824
2024-06-27 19:13:20,1.542704
2024-06-27 19:13:22,0.008496
2024-06-27 19:13:23,4.6962
2024-06-27 19:13:29,1.514352
2024-06-27 19:13:32,2.818768
2024-06-27 19:13:37,6.275192
2024-06-27 19:13:42,1.361328
2024-06-27 19:13:47,1.305
2024-06-27 19:13:52,3.37764
2024-06-27 19:13:55,1.521176
2024-06-27 19:13:58,1.888424
2024-06-27 19:14:01,0.001528
2024-06-27 19:14:03,2.32172
2024-06-27 19:14:07,2.558112
2024-06-27 19:14:11,2.592184
2024-06-27 19:14:14,1.944056
2024-06-27 19:14:16,0.18756
2024-06-27 19:14:17,0.977976
2024-06-27 19:14:18,0.018272
2024-06-27 19:14:19,0.008776
2024-06-27 19:14:21,1.361472
2024-06-27 19:14:25,9.259024
2024-06-27 19:14:29,0.008496
2024-06-27 19:14:30,3.613864
2024-06-27 19:14:35,1.18424
2024-06-27 19:14:39,3.794768
2024-06-27 19:14:44,2.780336
2024-06-27 19:14:48,2.117088
2024-06-27 19:14:52,6.510376
2024-06-27 19:14:56,0.938856
2024-06-27 19:15:00,0.727016
2024-06-27 19:15:05,1.240512
2024-06-27 19:15:09,2.9524
2024-06-27 19:15:13,1.364776
2024-06-27 19:15:14,0.418752
2024-06-27 19:15:16,0.064272
2024-06-27 19:15:17,1.090288
2024-06-27 19:15:20,0.00032
2024-06-27 19:15:22,2.66532
2024-06-27 19:15:24,0.008496
2024-06-27 19:15:25,1.5594
2024-06-27 19:15:28,1.399968
2024-06-27 19:15:30,1.956784
2024-06-27 19:15:36,1.52196
2024-06-27 19:15:39,1.571312
2024-06-27 19:16:14,0.41772
2024-06-27 19:16:16,0.05836
2024-06-27 19:16:41,0.00064
2024-06-27 19:17:14,0.41776
2024-06-27 19:17:16,0.01776
2024-06-27 19:17:19,0.02688
2024-06-27 19:17:52,0.489632
2024-06-27 19:18:14,0.417744
2024-06-27 19:18:16,0.019744
2024-06-27 19:18:17,0.775664
2024-06-27 19:18:18,0.052384
2024-06-27 19:18:40,0.142384
2024-06-27 19:18:41,2.126896
2024-06-27 19:18:42,21.438064
2024-06-27 19:18:43,57.250616
2024-06-27 19:18:44,57.734952
2024-06-27 19:18:45,29.814464
2024-06-27 19:18:46,15.293288
2024-06-27 19:18:51,1.841504
2024-06-27 19:18:55,2.302624
2024-06-27 19:18:59,2.942624
2024-06-27 19:19:05,2.027312
2024-06-27 19:19:08,2.369736
2024-06-27 19:19:13,2.124104
2024-06-27 19:19:14,2.35192
2024-06-27 19:19:18,4.0968
2024-06-27 19:19:23,2.695264
2024-06-27 19:19:25,0.075096
2024-06-27 19:19:28,3.781664
2024-06-27 19:19:33,2.935776
2024-06-27 19:19:38,2.27072
2024-06-27 19:19:41,0.248752
2024-06-27 19:19:42,0.019608
2024-06-27 19:19:43,10.677312
2024-06-27 19:19:44,12.639656
2024-06-27 19:19:48,2.407336
2024-06-27 19:19:49,0.00032
2024-06-27 19:19:53,2.601968
2024-06-27 19:19:58,5.42392
2024-06-27 19:20:03,4.251632
2024-06-27 19:20:08,3.933072
2024-06-27 19:20:13,4.426256
2024-06-27 19:20:14,0.419656
2024-06-27 19:20:18,6.825416
2024-06-27 19:20:23,1.74552
2024-06-27 19:20:25,0.001208
2024-06-27 19:20:26,2.990424
2024-06-27 19:20:31,2.977096
2024-06-27 19:20:37,4.0432
2024-06-27 19:20:41,2.3682
2024-06-27 19:20:45,0.00096
2024-06-27 19:20:46,4.224336
2024-06-27 19:20:50,3.084824
2024-06-27 19:20:53,2.688008
2024-06-27 19:20:57,3.111184
2024-06-27 19:21:01,1.712912
2024-06-27 19:21:05,4.997336
2024-06-27 19:21:10,3.801952
2024-06-27 19:21:14,0.426896
2024-06-27 19:21:15,6.169128
2024-06-27 19:21:20,1.928456
2024-06-27 19:21:24,6.866152
2024-06-27 19:21:28,2.531368
2024-06-27 19:21:32,2.278904
2024-06-27 19:21:36,1.798552
2024-06-27 19:21:39,1.45584
2024-06-27 19:21:41,0.193632
2024-06-27 19:21:42,1.706776
2024-06-27 19:21:43,2.357208
2024-06-27 19:21:50,1.686968
2024-06-27 19:21:55,3.440264
2024-06-27 19:21:59,1.776736
2024-06-27 19:22:04,1.51664
2024-06-27 19:22:12,1.463344
2024-06-27 19:22:14,0.418832
2024-06-27 19:22:15,1.503216
2024-06-27 19:22:19,1.434416
2024-06-27 19:22:27,1.555208
2024-06-27 19:22:29,0.894024
2024-06-27 19:22:34,2.320392
2024-06-27 19:22:38,1.259584
2024-06-27 19:22:41,0.057392
2024-06-27 19:22:43,20.730648
2024-06-27 19:22:46,0.935664
2024-06-27 19:22:47,2.370016
2024-06-27 19:22:51,2.949952
2024-06-27 19:22:59,3.416696
2024-06-27 19:23:04,3.73712
2024-06-27 19:23:09,2.704432
2024-06-27 19:23:11,1.463904
2024-06-27 19:23:13,0.008464
2024-06-27 19:23:14,2.242536
2024-06-27 19:23:16,1.961192
2024-06-27 19:23:17,1.724544
2024-06-27 19:23:20,2.248824
2024-06-27 19:23:24,0.00596
2024-06-27 19:23:25,0.429984
2024-06-27 19:23:28,4.050928
2024-06-27 19:23:31,2.045736
2024-06-27 19:23:36,2.282192
2024-06-27 19:23:37,0.0032
2024-06-27 19:23:40,4.1692
2024-06-27 19:23:41,0.189424
2024-06-27 19:23:46,1.079632
2024-06-27 19:23:49,2.329672
2024-06-27 19:23:53,2.2074
2024-06-27 19:23:56,3.295528
2024-06-27 19:23:57,0.036904
2024-06-27 19:24:03,3.252032
2024-06-27 19:24:06,4.732472
2024-06-27 19:24:11,0.042176
2024-06-27 19:24:12,2.746808
2024-06-27 19:24:14,0.417744
2024-06-27 19:24:16,1.499696
2024-06-27 19:24:17,2.851032
2024-06-27 19:24:20,1.867664
2024-06-27 19:24:23,1.602408
2024-06-27 19:24:28,6.819072
2024-06-27 19:24:33,3.370624
2024-06-27 19:24:38,3.8776
2024-06-27 19:24:41,0.060088
2024-06-27 19:24:43,1.689952
2024-06-27 19:24:48,2.776664
2024-06-27 19:24:53,3.381752
2024-06-27 19:24:57,0.008464
2024-06-27 19:24:58,3.230104
2024-06-27 19:25:00,1.183664
2024-06-27 19:25:03,3.395392
2024-06-27 19:25:06,0.008464
2024-06-27 19:25:07,1.98184
2024-06-27 19:25:10,2.373896
2024-06-27 19:25:14,0.420448
2024-06-27 19:25:15,1.700152
2024-06-27 19:25:20,2.993784
2024-06-27 19:25:24,3.408632
2024-06-27 19:25:29,1.366944
2024-06-27 19:25:32,2.47644
2024-06-27 19:25:35,2.865936
2024-06-27 19:25:40,3.540648
2024-06-27 19:25:41,0.061448
2024-06-27 19:25:43,1.584064
2024-06-27 19:25:47,0.00032
2024-06-27 19:25:49,2.078416
2024-06-27 19:25:52,3.265584
2024-06-27 19:25:56,1.892944
2024-06-27 19:26:00,2.027736
2024-06-27 19:26:03,1.459696
2024-06-27 19:26:04,1.099208
2024-06-27 19:26:09,4.017024
2024-06-27 19:26:13,4.054048
2024-06-27 19:26:14,0.418888
2024-06-27 19:26:16,1.55228
2024-06-27 19:26:21,2.753952
2024-06-27 19:26:25,2.166808
2024-06-27 19:26:32,2.249536
2024-06-27 19:26:35,2.684928
2024-06-27 19:26:38,0.00848
2024-06-27 19:26:39,3.222904
2024-06-27 19:26:41,0.137536
2024-06-27 19:26:44,3.095584
2024-06-27 19:26:50,3.029944
2024-06-27 19:26:57,1.888472
2024-06-27 19:27:00,2.081232
2024-06-27 19:27:06,1.864568
2024-06-27 19:27:11,1.383224
2024-06-27 19:27:13,1.282696
2024-06-27 19:27:14,0.420376
2024-06-27 19:27:16,1.869544
2024-06-27 19:27:23,1.879664
2024-06-27 19:27:27,1.634952
2024-06-27 19:27:30,1.274872
2024-06-27 19:27:35,0.784568
2024-06-27 19:27:38,0.91052
2024-06-27 19:27:41,1.13452
2024-06-27 19:27:43,0.026656
2024-06-27 19:27:46,1.692216
2024-06-27 19:27:50,0.00848
2024-06-27 19:27:51,2.154816
2024-06-27 19:27:55,0.982288
2024-06-27 19:28:00,1.111416
2024-06-27 19:28:03,1.006544
2024-06-27 19:28:07,1.142752
2024-06-27 19:28:08,0.071096
2024-06-27 19:28:11,1.923216
2024-06-27 19:28:14,0.41924
2024-06-27 19:28:15,1.10536
2024-06-27 19:28:19,1.122192
2024-06-27 19:28:24,1.360336
2024-06-27 19:28:27,1.075888
2024-06-27 19:28:29,0.00064
2024-06-27 19:28:32,1.254272
2024-06-27 19:28:37,2.202184
2024-06-27 19:28:41,1.40256
2024-06-27 19:28:42,0.030928
2024-06-27 19:28:44,3.084488
2024-06-27 19:28:50,1.617456
2024-06-27 19:28:54,1.818672
2024-06-27 19:28:57,0.00064
2024-06-27 19:28:59,3.055488
2024-06-27 19:29:03,2.721376
2024-06-27 19:29:07,0.00848
2024-06-27 19:29:08,3.733528
2024-06-27 19:29:12,2.947784
2024-06-27 19:29:13,3.703616
2024-06-27 19:29:14,0.42044
2024-06-27 19:29:17,2.1228
2024-06-27 19:29:18,1.61196
2024-06-27 19:29:22,3.544048
2024-06-27 19:29:27,1.45736
2024-06-27 19:29:32,2.20084
2024-06-27 19:29:36,1.503552
2024-06-27 19:29:40,3.052304
2024-06-27 19:29:41,0.060824
2024-06-27 19:29:42,0.00032
2024-06-27 19:29:45,2.02656
2024-06-27 19:29:50,2.614
2024-06-27 19:29:53,0.00848
2024-06-27 19:29:54,2.940888
2024-06-27 19:29:57,0.00848
2024-06-27 19:29:58,2.05052
2024-06-27 19:30:02,2.605048
2024-06-27 19:30:05,1.329056
2024-06-27 19:30:09,4.249016
2024-06-27 19:30:14,0.420472
2024-06-27 19:30:16,6.912912
2024-06-27 19:30:22,0.083592
2024-06-27 19:30:23,0.4714
2024-06-27 19:30:24,3.115808
2024-06-27 19:30:27,3.63192
2024-06-27 19:30:31,2.634776
2024-06-27 19:30:35,2.53532
2024-06-27 19:30:38,2.080176
2024-06-27 19:30:41,0.177224
2024-06-27 19:30:43,2.922824
2024-06-27 19:30:44,0.008384
2024-06-27 19:30:46,0.00848
2024-06-27 19:30:47,2.407064
2024-06-27 19:30:51,2.039056
2024-06-27 19:30:55,1.877192
2024-06-27 19:30:58,1.938784
2024-06-27 19:31:02,2.953736
2024-06-27 19:31:09,2.316408
2024-06-27 19:31:13,2.21404
2024-06-27 19:31:14,0.477328
2024-06-27 19:31:18,4.44236
2024-06-27 19:31:21,1.708488
2024-06-27 19:31:23,0.002936
2024-06-27 19:31:25,1.702064
2024-06-27 19:31:29,3.3712
2024-06-27 19:31:34,1.791304
2024-06-27 19:31:38,4.325888
2024-06-27 19:31:41,0.059168
2024-06-27 19:31:42,2.489688
2024-06-27 19:31:45,0.00032
2024-06-27 19:31:47,1.97796
2024-06-27 19:31:50,1.996208
2024-06-27 19:31:54,1.933632
2024-06-27 19:31:58,6.604888
2024-06-27 19:32:02,0.949832
2024-06-27 19:32:06,0.992448
2024-06-27 19:32:09,0.752904
2024-06-27 19:32:12,0.772208
2024-06-27 19:32:14,0.418192
2024-06-27 19:32:16,0.940312
2024-06-27 19:32:17,0.803032
2024-06-27 19:32:21,1.855008
2024-06-27 19:32:26,1.978904
2024-06-27 19:32:32,0.784712
2024-06-27 19:32:33,0.885008
2024-06-27 19:32:35,1.385352
2024-06-27 19:32:41,0.065008
2024-06-27 19:32:42,1.90744
2024-06-27 19:32:45,1.388592
2024-06-27 19:32:49,1.276696
2024-06-27 19:32:54,1.873368
2024-06-27 19:32:58,0.765528
2024-06-27 19:33:03,2.192216
2024-06-27 19:33:07,1.852176
2024-06-27 19:33:10,1.268304
2024-06-27 19:33:13,1.400968
2024-06-27 19:33:14,0.419016
2024-06-27 19:33:18,1.623864
2024-06-27 19:33:22,1.052832
2024-06-27 19:33:26,3.137496
2024-06-27 19:33:30,0.00848
2024-06-27 19:33:31,1.068544
2024-06-27 19:33:35,2.084728
2024-06-27 19:33:40,0.917704
2024-06-27 19:33:41,0.137816
2024-06-27 19:33:44,0.02704
2024-06-27 19:33:45,1.714744
2024-06-27 19:33:50,1.595824
2024-06-27 19:33:55,1.115448
2024-06-27 19:34:00,2.482
2024-06-27 19:34:06,1.009376
2024-06-27 19:34:10,1.090712
2024-06-27 19:34:14,1.782896
2024-06-27 19:34:17,0.84064
2024-06-27 19:34:21,1.26052
2024-06-27 19:34:24,1.618648
2024-06-27 19:34:27,1.424952
2024-06-27 19:34:32,1.25076
2024-06-27 19:34:33,1.037824
2024-06-27 19:34:36,1.012856
2024-06-27 19:34:39,1.039088
2024-06-27 19:34:41,0.060824
2024-06-27 19:34:42,1.410136
2024-06-27 19:34:44,0.00032
2024-06-27 19:34:45,2.37152
2024-06-27 19:34:48,2.235728
2024-06-27 19:34:51,0.00848
2024-06-27 19:34:52,1.944456
2024-06-27 19:34:58,3.214584
2024-06-27 19:35:01,1.80352
2024-06-27 19:35:03,2.07752
2024-06-27 19:35:07,0.00848
2024-06-27 19:35:08,2.945552
2024-06-27 19:35:11,0.00848
2024-06-27 19:35:12,2.459072
2024-06-27 19:35:14,0.419472
2024-06-27 19:35:20,1.952816
2024-06-27 19:35:23,2.020352
2024-06-27 19:35:25,0.971968
2024-06-27 19:35:26,0.979176
2024-06-27 19:35:28,1.241712
2024-06-27 19:35:33,2.358528
2024-06-27 19:35:38,2.068808
2024-06-27 19:35:41,0.13424
2024-06-27 19:35:42,1.101392
2024-06-27 19:35:46,3.8938
2024-06-27 19:35:47,0.00032
2024-06-27 19:35:50,1.235024
2024-06-27 19:35:51,0.938344
2024-06-27 19:35:59,2.921656
2024-06-27 19:36:04,1.519384
2024-06-27 19:36:08,3.064232
2024-06-27 19:36:12,1.678296
2024-06-27 19:36:14,0.419
2024-06-27 19:36:17,2.094912
2024-06-27 19:36:22,2.22644
2024-06-27 19:36:26,1.55432
2024-06-27 19:36:29,0.00848
2024-06-27 19:36:30,1.58116
2024-06-27 19:36:33,0.92664
2024-06-27 19:36:37,1.010752
2024-06-27 19:36:41,1.629872
2024-06-27 19:36:44,0.06616
2024-06-27 19:36:45,1.7918
2024-06-27 19:36:48,2.025488
2024-06-27 19:36:56,1.8244
2024-06-27 19:36:59,1.401456
2024-06-27 19:37:04,0.922408
2024-06-27 19:37:07,0.981032
2024-06-27 19:37:09,1.516688
2024-06-27 19:37:12,1.337608
2024-06-27 19:37:14,0.419352
2024-06-27 19:37:16,1.040072
2024-06-27 19:37:20,0.00848
2024-06-27 19:37:21,2.39964
2024-06-27 19:37:27,3.38264
2024-06-27 19:37:32,2.203616
2024-06-27 19:37:35,2.480368
2024-06-27 19:37:40,2.226264
2024-06-27 19:37:41,0.057584
2024-06-27 19:37:45,1.589536
2024-06-27 19:37:48,0.00032
2024-06-27 19:37:49,1.712104
2024-06-27 19:37:56,1.810184
2024-06-27 19:37:59,2.03276
2024-06-27 19:38:04,1.714224
2024-06-27 19:38:09,2.516408
2024-06-27 19:38:13,0.00032
2024-06-27 19:38:14,2.411632
2024-06-27 19:38:19,1.83324
2024-06-27 19:38:24,1.66968
2024-06-27 19:38:28,1.842728
2024-06-27 19:38:31,1.574712
2024-06-27 19:38:37,2.615672
2024-06-27 19:38:40,2.352344
2024-06-27 19:38:41,0.124984
2024-06-27 19:38:42,0.109344
2024-06-27 19:38:43,0.00128
2024-06-27 19:38:44,0.307184
2024-06-27 19:38:45,0.142536
2024-06-27 19:38:46,0.223896
2024-06-27 19:38:49,2.825472
2024-06-27 19:38:53,0.00128
2024-06-27 19:38:54,2.65948
2024-06-27 19:38:56,0.0032
2024-06-27 19:38:58,1.702896
2024-06-27 19:39:02,2.089024
2024-06-27 19:39:05,1.151768
2024-06-27 19:39:07,1.089584
2024-06-27 19:39:11,2.09004
2024-06-27 19:39:14,0.418968
2024-06-27 19:39:16,1.607096
2024-06-27 19:39:21,1.890328
2024-06-27 19:39:26,6.530776
2024-06-27 19:39:31,32.68932
2024-06-27 19:39:34,12.712528
2024-06-27 19:39:37,2.799376
2024-06-27 19:39:41,9.817296
2024-06-27 19:39:44,11.802584
2024-06-27 19:39:45,0.018512
2024-06-27 19:39:47,16.726968
2024-06-27 19:39:54,14.022672
2024-06-27 19:39:55,8.91412
2024-06-27 19:39:59,13.965704
2024-06-27 19:40:00,5.877616
2024-06-27 19:40:04,3.563752
2024-06-27 19:40:09,18.12124
2024-06-27 19:40:10,0.00032
2024-06-27 19:40:14,21.576608
2024-06-27 19:40:18,18.54348
2024-06-27 19:40:23,2.104224
2024-06-27 19:40:27,1.504768
2024-06-27 19:40:32,13.994512
2024-06-27 19:40:36,0.008496
2024-06-27 19:40:37,10.50212
2024-06-27 19:40:41,4.549704
2024-06-27 19:40:46,10.009168
2024-06-27 19:40:50,13.52856
2024-06-27 19:40:54,4.160216
2024-06-27 19:40:59,9.275912
2024-06-27 19:41:04,9.479872
2024-06-27 19:41:09,11.00936
2024-06-27 19:41:14,4.343144
2024-06-27 19:41:18,0.008496
2024-06-27 19:41:19,2.46468
2024-06-27 19:41:23,6.413048
2024-06-27 19:41:27,2.339216
2024-06-27 19:41:31,4.905104
2024-06-27 19:41:35,3.59496
2024-06-27 19:41:39,2.498768
2024-06-27 19:41:41,0.062408
2024-06-27 19:41:44,4.761144
2024-06-27 19:41:47,4.844936
2024-06-27 19:41:50,1.049792
2024-06-27 19:41:51,0.354248
2024-06-27 19:41:53,8.048392
2024-06-27 19:42:00,10.12172
2024-06-27 19:42:03,7.084696
2024-06-27 19:42:09,5.80592
2024-06-27 19:42:12,0.008496
2024-06-27 19:42:13,5.685864
2024-06-27 19:42:14,0.432816
2024-06-27 19:42:20,3.567488
2024-06-27 19:42:21,1.875984
2024-06-27 19:42:23,4.857712
2024-06-27 19:42:28,0.008496
2024-06-27 19:42:29,2.525568
2024-06-27 19:42:31,2.63304
2024-06-27 19:42:34,4.876624
2024-06-27 19:42:37,5.562312
2024-06-27 19:42:40,1.602688
2024-06-27 19:42:41,0.13364
2024-06-27 19:42:44,2.51928
2024-06-27 19:42:45,0.018272
2024-06-27 19:42:46,0.0086
2024-06-27 19:42:49,2.964696
2024-06-27 19:42:53,2.127696
2024-06-27 19:42:57,1.855016
2024-06-27 19:43:02,0.996832
2024-06-27 19:43:06,1.76664
2024-06-27 19:43:08,1.601864
2024-06-27 19:43:09,0.063432
2024-06-27 19:43:11,1.108248
2024-06-27 19:43:12,0.016736
2024-06-27 19:43:14,0.421176
2024-06-27 19:43:17,0.008496
2024-06-27 19:43:18,4.410464
2024-06-27 19:43:22,3.88348
2024-06-27 19:43:25,3.88556
2024-06-27 19:43:30,1.90808
2024-06-27 19:43:34,1.438368
2024-06-27 19:43:40,1.763864
2024-06-27 19:43:41,0.059752
2024-06-27 19:43:44,3.316976
2024-06-27 19:43:46,0.00032
2024-06-27 19:43:48,12.044128
2024-06-27 19:43:51,6.405128
2024-06-27 19:43:55,7.270704
2024-06-27 19:43:59,9.190024
2024-06-27 19:44:03,2.294472
2024-06-27 19:44:06,2.154632
2024-06-27 19:44:10,2.395296
2024-06-27 19:44:12,0.001528
2024-06-27 19:44:14,11.503496
2024-06-27 19:44:17,2.16912
2024-06-27 19:44:21,3.17728
2024-06-27 19:44:26,7.73268
2024-06-27 19:44:31,29.423088
2024-06-27 19:44:36,2.843592
2024-06-27 19:44:41,3.366936
2024-06-27 19:44:46,5.590088
2024-06-27 19:44:50,0.008496
2024-06-27 19:44:51,16.65552
2024-06-27 19:44:55,2.182352
2024-06-27 19:44:56,3.017184
2024-06-27 19:44:58,4.230648
2024-06-27 19:45:04,2.10508
2024-06-27 19:45:07,5.76296
2024-06-27 19:45:13,3.854136
2024-06-27 19:45:14,0.421568
2024-06-27 19:45:20,13.042272
2024-06-27 19:45:24,3.90904
2024-06-27 19:45:29,1.76244
2024-06-27 19:45:32,0.008496
2024-06-27 19:45:33,1.76844
2024-06-27 19:45:35,2.630136
2024-06-27 19:45:39,18.790752
2024-06-27 19:45:41,0.061256
2024-06-27 19:45:43,3.532656
2024-06-27 19:45:46,3.318696
2024-06-27 19:45:50,1.84248
2024-06-27 19:45:54,2.055448
2024-06-27 19:45:58,11.992792
2024-06-27 19:46:02,11.92092
2024-06-27 19:46:07,2.500056
2024-06-27 19:46:11,3.35648
2024-06-27 19:46:14,2.839112
2024-06-27 19:46:18,2.240272
2024-06-27 19:46:21,3.46204
2024-06-27 19:46:24,4.258568
2024-06-27 19:46:27,3.548376
2024-06-27 19:46:31,3.273304
2024-06-27 19:46:34,8.176896
2024-06-27 19:46:37,9.401792
2024-06-27 19:46:41,0.060448
2024-06-27 19:46:43,19.204768
2024-06-27 19:46:49,16.789424
2024-06-27 19:46:50,0.00032
2024-06-27 19:46:51,0.008496
2024-06-27 19:46:52,7.40892
2024-06-27 19:46:54,8.365624
2024-06-27 19:46:57,3.706032
2024-06-27 19:47:00,4.06788
2024-06-27 19:47:07,8.644672
2024-06-27 19:47:13,6.1138
2024-06-27 19:47:14,0.42088
2024-06-27 19:47:16,0.008496
2024-06-27 19:47:17,5.914752
2024-06-27 19:47:21,4.203672
2024-06-27 19:47:27,6.0362
2024-06-27 19:47:28,7.049256
2024-06-27 19:47:32,6.575464
2024-06-27 19:47:35,11.081816
2024-06-27 19:47:40,24.555464
2024-06-27 19:47:41,0.138984
2024-06-27 19:47:45,18.48904
2024-06-27 19:47:52,15.954944
2024-06-27 19:47:57,16.088608
2024-06-27 19:48:00,2.167616
2024-06-27 19:48:03,6.29736
2024-06-27 19:48:07,13.6758
2024-06-27 19:48:11,10.741976
2024-06-27 19:48:14,0.419448
2024-06-27 19:48:15,7.49044
2024-06-27 19:48:19,4.204736
2024-06-27 19:48:25,3.36836
2024-06-27 19:48:29,5.478864
2024-06-27 19:48:32,2.373984
2024-06-27 19:48:37,4.815408
2024-06-27 19:48:41,0.058736
2024-06-27 19:48:42,4.375864
2024-06-27 19:48:45,3.128024
2024-06-27 19:48:47,0.026656
2024-06-27 19:48:48,3.187096
2024-06-27 19:48:54,4.890736
2024-06-27 19:48:58,2.698568
2024-06-27 19:49:01,3.8178
2024-06-27 19:49:06,4.698944
2024-06-27 19:49:10,3.28744
2024-06-27 19:49:11,3.07872
2024-06-27 19:49:14,0.421016
2024-06-27 19:49:15,8.36444
2024-06-27 19:49:16,0.00064
2024-06-27 19:49:20,0.008496
2024-06-27 19:49:21,2.814864
2024-06-27 19:49:25,1.373712
2024-06-27 19:49:26,1.016696
2024-06-27 19:49:29,3.461008
2024-06-27 19:49:33,2.80396
2024-06-27 19:49:37,0.0124
2024-06-27 19:49:38,0.198952
2024-06-27 19:49:41,6.313648
2024-06-27 19:49:44,0.000888
2024-06-27 19:49:45,1.908824
2024-06-27 19:49:46,0.00064
2024-06-27 19:49:49,0.990336
2024-06-27 19:49:52,0.016392
2024-06-27 19:49:53,1.687344
2024-06-27 19:49:57,2.557264
2024-06-27 19:50:00,4.93352
2024-06-27 19:50:04,2.846584
2024-06-27 19:50:09,7.857624
2024-06-27 19:50:14,4.37896
2024-06-27 19:50:19,3.397168
2024-06-27 19:50:22,2.525624
2024-06-27 19:50:25,3.434712
2024-06-27 19:50:28,3.647096
2024-06-27 19:50:30,1.659696
2024-06-27 19:50:37,4.20604
2024-06-27 19:50:38,2.916696
2024-06-27 19:50:41,0.071552
2024-06-27 19:50:42,0.07212
2024-06-27 19:50:43,1.28352
2024-06-27 19:50:47,2.964976
2024-06-27 19:50:52,2.996712
2024-06-27 19:50:57,1.9834
2024-06-27 19:51:01,2.528056
2024-06-27 19:51:09,4.342048
2024-06-27 19:51:14,1.604696
2024-06-27 19:51:17,1.603384
2024-06-27 19:51:20,1.250352
2024-06-27 19:51:24,2.891056
2024-06-27 19:51:27,1.844864
2024-06-27 19:51:31,2.439304
2024-06-27 19:51:36,2.359816
2024-06-27 19:51:41,0.060536
2024-06-27 19:51:42,1.459184
2024-06-27 19:51:44,0.008496
2024-06-27 19:51:45,2.22184
2024-06-27 19:51:47,2.263792
2024-06-27 19:51:53,2.988256
2024-06-27 19:51:57,2.484976
2024-06-27 19:52:01,1.434264
2024-06-27 19:52:06,2.1576
2024-06-27 19:52:08,1.024416
2024-06-27 19:52:13,1.439848
2024-06-27 19:52:14,0.419824
2024-06-27 19:52:16,4.54788
2024-06-27 19:52:19,3.5078
2024-06-27 19:52:25,2.392888
2024-06-27 19:52:28,2.420512
2024-06-27 19:52:31,5.328888
2024-06-27 19:52:34,3.334128
2024-06-27 19:52:39,3.427496
2024-06-27 19:52:41,0.059832
2024-06-27 19:52:42,0.727328
2024-06-27 19:52:45,1.610424
2024-06-27 19:52:49,1.962288
2024-06-27 19:52:53,2.792648
2024-06-27 19:52:56,2.624152
2024-06-27 19:53:02,1.984112
2024-06-27 19:53:03,1.451224
2024-06-27 19:53:06,0.008496
2024-06-27 19:53:07,2.67984
2024-06-27 19:53:10,0.008496
2024-06-27 19:53:11,2.79432
2024-06-27 19:53:13,1.3514
2024-06-27 19:53:14,0.420216
2024-06-27 19:53:16,2.473232
2024-06-27 19:53:19,1.055888
2024-06-27 19:53:25,2.314896
2024-06-27 19:53:29,1.202392
2024-06-27 19:53:33,4.14212
2024-06-27 19:53:37,3.380496
2024-06-27 19:53:41,2.990776
2024-06-27 19:53:42,1.021672
2024-06-27 19:53:48,3.588952
2024-06-27 19:53:51,2.942552
2024-06-27 19:53:56,2.428704
2024-06-27 19:53:58,0.03628
2024-06-27 19:54:05,2.759536
2024-06-27 19:54:08,2.571936
2024-06-27 19:54:12,3.029656
2024-06-27 19:54:14,0.4198
2024-06-27 19:54:16,4.211824
2024-06-27 19:54:20,1.465704
2024-06-27 19:54:24,0.75368
2024-06-27 19:54:25,2.470048
2024-06-27 19:54:28,3.02068
2024-06-27 19:54:34,1.117544
2024-06-27 19:54:36,1.169592
2024-06-27 19:54:40,1.552024
2024-06-27 19:54:41,0.053104
2024-06-27 19:54:42,0.002496
2024-06-27 19:54:43,0.938096
2024-06-27 19:54:47,1.340784
2024-06-27 19:54:48,0.008768
2024-06-27 19:54:52,2.819752
2024-06-27 19:54:53,0.065384
2024-06-27 19:54:55,1.99428
2024-06-27 19:54:58,0.85984
2024-06-27 19:55:03,0.944048
2024-06-27 19:55:07,15.365832
2024-06-27 19:55:11,11.72028
2024-06-27 19:55:14,0.42104
2024-06-27 19:55:16,9.106104
2024-06-27 19:55:19,8.45244
2024-06-27 19:55:24,6.08784
2024-06-27 19:55:32,4.597792
2024-06-27 19:55:37,4.366584
2024-06-27 19:55:42,5.535704
2024-06-27 19:55:44,3.705568
2024-06-27 19:55:51,3.28252
2024-06-27 19:55:52,0.00032
2024-06-27 19:55:55,4.342168
2024-06-27 19:55:59,2.649888
2024-06-27 19:56:04,1.44532
2024-06-27 19:56:07,6.935336
2024-06-27 19:56:14,0.897616
2024-06-27 19:56:15,0.573032
2024-06-27 19:56:18,0.00596
2024-06-27 19:56:19,0.070632
2024-06-27 19:56:20,4.43188
2024-06-27 19:56:25,5.191944
2024-06-27 19:56:29,0.340336
2024-06-27 19:56:30,0.56904
2024-06-27 19:56:34,2.226584
2024-06-27 19:56:35,0.403664
2024-06-27 19:56:39,4.10012
2024-06-27 19:56:42,0.064064
2024-06-27 19:56:44,3.549144
2024-06-27 19:56:45,0.00032
2024-06-27 19:56:48,3.169792
2024-06-27 19:56:52,4.65508
2024-06-27 19:56:57,5.537232
2024-06-27 19:57:01,3.360368
2024-06-27 19:57:04,2.439456
2024-06-27 19:57:08,6.29736
2024-06-27 19:57:13,0.008496
2024-06-27 19:57:14,5.470976
2024-06-27 19:57:18,2.218672
2024-06-27 19:57:19,0.00032
2024-06-27 19:57:23,5.56924
2024-06-27 19:57:27,3.370736
2024-06-27 19:57:33,1.508408
2024-06-27 19:57:38,1.627416
2024-06-27 19:57:42,0.136816
2024-06-27 19:57:43,3.322968
2024-06-27 19:57:48,2.500776
2024-06-27 19:57:53,1.865832
2024-06-27 19:57:58,4.999824
2024-06-27 19:58:03,1.910936
2024-06-27 19:58:08,2.934256
2024-06-27 19:58:13,2.787992
2024-06-27 19:58:14,0.420152
2024-06-27 19:58:17,3.169808
2024-06-27 19:58:24,1.68044
2024-06-27 19:58:28,2.472072
2024-06-27 19:58:33,1.339536
2024-06-27 19:58:36,1.850016
2024-06-27 19:58:41,1.377312
2024-06-27 19:58:42,0.058064
2024-06-27 19:58:44,0.008496
2024-06-27 19:58:45,1.128776
2024-06-27 19:58:48,1.599064
2024-06-27 19:58:51,0.00032
2024-06-27 19:58:52,1.474952
2024-06-27 19:58:56,2.69712
2024-06-27 19:58:59,1.94052
2024-06-27 19:59:02,1.11496
2024-06-27 19:59:05,1.67348
2024-06-27 19:59:08,0.008496
2024-06-27 19:59:09,1.07396
2024-06-27 19:59:11,2.596256
2024-06-27 19:59:14,0.420608
2024-06-27 19:59:15,3.334248
2024-06-27 19:59:18,3.097008
2024-06-27 19:59:23,1.833232
2024-06-27 19:59:29,1.517016
2024-06-27 19:59:32,1.266408
2024-06-27 19:59:36,1.083688
2024-06-27 19:59:41,0.745184
2024-06-27 19:59:42,0.063136
2024-06-27 19:59:46,1.785056
2024-06-27 19:59:48,0.008496
2024-06-27 19:59:49,2.926216
2024-06-27 19:59:52,0.00596
2024-06-27 19:59:53,0.066376
2024-06-27 19:59:56,6.068712
2024-06-27 20:00:01,4.14332
2024-06-27 20:00:05,3.743968
2024-06-27 20:00:13,2.36572
2024-06-27 20:00:14,2.422008
2024-06-27 20:00:18,3.228912
2024-06-27 20:00:22,1.896288
2024-06-27 20:00:26,3.21784
2024-06-27 20:00:31,3.101672
2024-06-27 20:00:36,2.591488
2024-06-27 20:00:41,4.37592
2024-06-27 20:00:42,0.061208
2024-06-27 20:00:46,1.123008
2024-06-27 20:00:48,0.02684
2024-06-27 20:00:51,1.253776
2024-06-27 20:00:54,2.046928
2024-06-27 20:00:57,1.57408
2024-06-27 20:01:00,2.489624
2024-06-27 20:01:08,1.802528
2024-06-27 20:01:11,1.75936
2024-06-27 20:01:14,0.421344
2024-06-27 20:01:18,2.11876
2024-06-27 20:01:19,0.058984
2024-06-27 20:01:21,2.759136
2024-06-27 20:01:27,2.674832
2024-06-27 20:01:31,2.741512
2024-06-27 20:01:36,3.185984
2024-06-27 20:01:40,3.00224
2024-06-27 20:01:42,0.129248
2024-06-27 20:01:43,2.440464
2024-06-27 20:01:50,0.00032
2024-06-27 20:01:51,1.694696
2024-06-27 20:01:52,3.086696
2024-06-27 20:01:56,2.5416
2024-06-27 20:02:02,3.150552
2024-06-27 20:02:08,2.418072
2024-06-27 20:02:14,2.520288
2024-06-27 20:02:17,2.257904
2024-06-27 20:02:19,0.001528
2024-06-27 20:02:22,3.340872
2024-06-27 20:02:25,0.89404
2024-06-27 20:02:29,1.02224
2024-06-27 20:02:33,2.05364
2024-06-27 20:02:38,3.005712
2024-06-27 20:02:41,0.928328
2024-06-27 20:02:42,0.1196
2024-06-27 20:02:44,1.596608
2024-06-27 20:02:48,1.668064
2024-06-27 20:02:52,1.535744
2024-06-27 20:02:57,3.789672
2024-06-27 20:03:02,0.618792
2024-06-27 20:03:06,11.84416
2024-06-27 20:03:10,0.986656
2024-06-27 20:03:14,0.4202
2024-06-27 20:03:15,2.799312
2024-06-27 20:03:20,1.430624
2024-06-27 20:03:25,0.701024
2024-06-27 20:03:26,1.070512
2024-06-27 20:03:29,1.285552
2024-06-27 20:03:39,1.320832
2024-06-27 20:03:42,0.057888
2024-06-27 20:03:44,1.26776
2024-06-27 20:03:48,0.068696
2024-06-27 20:03:49,1.184856
2024-06-27 20:03:54,1.647704
2024-06-27 20:03:57,1.318376
2024-06-27 20:04:03,1.449688
2024-06-27 20:04:07,1.355776
2024-06-27 20:04:12,1.110752
2024-06-27 20:04:14,0.436528
2024-06-27 20:04:16,0.993128
2024-06-27 20:04:20,1.274608
2024-06-27 20:04:25,11.053632
2024-06-27 20:04:30,1.541344
2024-06-27 20:04:35,3.801432
2024-06-27 20:04:40,1.883616
2024-06-27 20:04:42,0.060416
2024-06-27 20:04:44,0.800904
2024-06-27 20:04:48,2.357904
2024-06-27 20:04:50,0.00032
2024-06-27 20:04:51,1.361056
2024-06-27 20:04:52,0.00596
2024-06-27 20:04:53,0.06664
2024-06-27 20:04:57,0.926624
2024-06-27 20:05:00,0.828736
2024-06-27 20:05:04,2.294256
2024-06-27 20:05:07,1.4984
2024-06-27 20:05:13,0.768288
2024-06-27 20:05:14,0.422032
2024-06-27 20:05:16,0.77504
2024-06-27 20:05:20,0.93932
2024-06-27 20:05:23,1.158816
2024-06-27 20:05:25,1.426
2024-06-27 20:05:28,1.36016
2024-06-27 20:05:29,0.640336
2024-06-27 20:05:32,1.639648
2024-06-27 20:05:35,0.941984
2024-06-27 20:05:37,0.280976
2024-06-27 20:05:38,1.58496
2024-06-27 20:05:42,0.188368
2024-06-27 20:05:43,1.490776
2024-06-27 20:05:48,1.95148
2024-06-27 20:05:53,1.49164
2024-06-27 20:05:58,1.438848
2024-06-27 20:06:14,0.4242
2024-06-27 20:06:18,0.00596
2024-06-27 20:06:19,0.058984
2024-06-27 20:06:42,0.034408
2024-06-27 20:06:49,0.026664
2024-06-27 20:07:02,0.00064
2024-06-27 20:07:14,0.423968
2024-06-27 20:07:19,0.001528
2024-06-27 20:07:42,0.017656
2024-06-27 20:07:53,0.00032
2024-06-27 20:08:14,0.424584
2024-06-27 20:08:42,0.099728
2024-06-27 20:08:57,0.351952
2024-06-27 20:08:58,23.64576
2024-06-27 20:08:59,42.381832
2024-06-27 20:09:00,52.501352
2024-06-27 20:09:01,24.918328
2024-06-27 20:09:02,16.268456
2024-06-27 20:09:05,4.618688
2024-06-27 20:09:08,2.342944
2024-06-27 20:09:11,0.008496
2024-06-27 20:09:12,2.447232
2024-06-27 20:09:14,0.487752
2024-06-27 20:09:16,2.589464
2024-06-27 20:09:18,2.383928
2024-06-27 20:09:21,2.70868
2024-06-27 20:09:25,3.285384
2024-06-27 20:09:28,3.227504
2024-06-27 20:09:35,5.200288
2024-06-27 20:09:40,5.425864
2024-06-27 20:09:45,2.640392
2024-06-27 20:09:50,6.536768
2024-06-27 20:09:52,0.00596
2024-06-27 20:09:53,0.065856
2024-06-27 20:09:55,3.717432
2024-06-27 20:09:57,0.24712
2024-06-27 20:09:59,1.767992
2024-06-27 20:10:00,16.394024
2024-06-27 20:10:02,3.25924
2024-06-27 20:10:04,0.00064
2024-06-27 20:10:05,3.364008
2024-06-27 20:10:09,5.080624
2024-06-27 20:10:14,0.42964
2024-06-27 20:10:15,7.073944
2024-06-27 20:10:19,4.898688
2024-06-27 20:10:21,3.366552
2024-06-27 20:10:24,3.900752
2024-06-27 20:10:28,7.161912
2024-06-27 20:10:31,0.008496
2024-06-27 20:10:32,12.33076
2024-06-27 20:10:36,12.999872
2024-06-27 20:10:39,4.30624
2024-06-27 20:10:43,6.24796
2024-06-27 20:10:46,5.353952
2024-06-27 20:10:51,4.03212
2024-06-27 20:10:56,8.361488
2024-06-27 20:10:57,0.07664
2024-06-27 20:10:59,6.827536
2024-06-27 20:11:01,0.00096
2024-06-27 20:11:02,5.046808
2024-06-27 20:11:06,0.03724
2024-06-27 20:11:09,10.556048
2024-06-27 20:11:12,5.169864
2024-06-27 20:11:14,0.440704
2024-06-27 20:11:18,1.841264
2024-06-27 20:11:19,0.058984
2024-06-27 20:11:21,0.008496
2024-06-27 20:11:22,1.835632
2024-06-27 20:11:26,3.746152
2024-06-27 20:11:29,1.970968
2024-06-27 20:11:31,0.008496
2024-06-27 20:11:32,3.170552
2024-06-27 20:11:34,3.744024
2024-06-27 20:11:37,3.3818
2024-06-27 20:11:42,0.008496
2024-06-27 20:11:43,1.24668
2024-06-27 20:11:46,1.799184
2024-06-27 20:11:49,4.626952
2024-06-27 20:11:53,5.385224
2024-06-27 20:11:57,2.64736
2024-06-27 20:11:58,0.058232
2024-06-27 20:11:59,0.019488
2024-06-27 20:12:00,0.008496
2024-06-27 20:12:01,5.591616
2024-06-27 20:12:05,0.008496
2024-06-27 20:12:06,2.29356
2024-06-27 20:12:08,1.677512
2024-06-27 20:12:11,1.726024
2024-06-27 20:12:14,1.508232
2024-06-27 20:12:15,0.121176
2024-06-27 20:12:18,2.05352
2024-06-27 20:12:19,0.001528
2024-06-27 20:12:23,3.415456
2024-06-27 20:12:26,1.517664
2024-06-27 20:12:30,1.933664
2024-06-27 20:12:33,2.221912
2024-06-27 20:12:37,0.008496
2024-06-27 20:12:38,5.936712
2024-06-27 20:12:42,6.880672
2024-06-27 20:12:46,1.516928
2024-06-27 20:12:49,0.008496
2024-06-27 20:12:50,10.563624
2024-06-27 20:12:52,1.26248
2024-06-27 20:12:55,1.284792
2024-06-27 20:12:57,0.063552
2024-06-27 20:12:58,9.229152
2024-06-27 20:12:59,0.00032
2024-06-27 20:13:03,1.402776
2024-06-27 20:13:05,10.947264
2024-06-27 20:13:08,1.165136
2024-06-27 20:13:11,5.277504
2024-06-27 20:13:14,0.460936
2024-06-27 20:13:15,6.781152
2024-06-27 20:13:18,1.182088
2024-06-27 20:13:19,1.925376
2024-06-27 20:13:21,1.886168
2024-06-27 20:13:26,1.953152
2024-06-27 20:13:31,10.029576
2024-06-27 20:13:34,7.113176
2024-06-27 20:13:37,3.534448
2024-06-27 20:13:38,7.218656
2024-06-27 20:13:41,6.33912
2024-06-27 20:13:45,0.008496
2024-06-27 20:13:46,3.315192
2024-06-27 20:13:49,4.138096
2024-06-27 20:13:53,4.447944
2024-06-27 20:13:56,5.321536
2024-06-27 20:13:57,0.188576
2024-06-27 20:14:00,6.187224
2024-06-27 20:14:03,5.122224
2024-06-27 20:14:10,0.008496
2024-06-27 20:14:11,3.709768
2024-06-27 20:14:13,1.88044
2024-06-27 20:14:14,0.45004
2024-06-27 20:14:16,1.7678
2024-06-27 20:14:19,3.57892
2024-06-27 20:14:24,1.285688
2024-06-27 20:14:28,2.09152
2024-06-27 20:14:31,0.008496
2024-06-27 20:14:32,2.88212
2024-06-27 20:14:35,0.008496
2024-06-27 20:14:36,2.31868
2024-06-27 20:14:42,1.63172
2024-06-27 20:14:45,2.062792
2024-06-27 20:14:48,1.605808
2024-06-27 20:14:52,0.00596
2024-06-27 20:14:53,0.066072
2024-06-27 20:14:54,1.886048
2024-06-27 20:14:57,0.057
2024-06-27 20:14:58,1.722888
2024-06-27 20:14:59,0.077072
2024-06-27 20:15:01,2.054576
2024-06-27 20:15:05,1.3516
2024-06-27 20:15:06,1.82088
2024-06-27 20:15:13,1.981616
2024-06-27 20:15:14,0.450248
2024-06-27 20:15:16,2.529464
2024-06-27 20:15:20,2.542136
2024-06-27 20:15:23,1.165504
2024-06-27 20:15:27,1.412096
2024-06-27 20:15:33,1.769976
2024-06-27 20:15:38,1.744264
2024-06-27 20:15:42,1.272608
2024-06-27 20:15:47,1.226256
2024-06-27 20:15:54,1.135224
2024-06-27 20:15:55,0.982832
2024-06-27 20:15:57,1.204672
2024-06-27 20:15:58,0.003112
2024-06-27 20:16:01,1.642776
2024-06-27 20:16:02,0.00032
2024-06-27 20:16:04,0.785032
2024-06-27 20:16:09,0.737568
2024-06-27 20:16:12,11.436512
2024-06-27 20:16:13,1.351872
2024-06-27 20:16:14,0.449528
2024-06-27 20:16:15,1.139472
2024-06-27 20:16:18,0.00596
2024-06-27 20:16:19,0.059944
2024-06-27 20:16:22,1.134512
2024-06-27 20:16:26,1.243272
2024-06-27 20:16:30,1.143264
2024-06-27 20:16:35,1.0764
2024-06-27 20:16:40,1.604904
2024-06-27 20:16:44,1.49104
2024-06-27 20:16:47,0.870968
2024-06-27 20:16:52,0.82088
2024-06-27 20:16:55,4.062832
2024-06-27 20:16:57,0.063184
2024-06-27 20:17:00,9.519184
2024-06-27 20:17:04,5.135648
2024-06-27 20:17:09,2.054008
2024-06-27 20:17:12,0.008512
2024-06-27 20:17:13,5.728928
2024-06-27 20:17:14,0.462608
2024-06-27 20:17:19,0.00032
2024-06-27 20:17:20,7.434072
2024-06-27 20:17:27,5.24708
2024-06-27 20:17:30,3.418192
2024-06-27 20:17:35,4.76468
2024-06-27 20:17:39,1.904072
2024-06-27 20:17:43,3.869264
2024-06-27 20:17:47,4.316944
2024-06-27 20:17:52,4.021816
2024-06-27 20:17:57,0.057984
2024-06-27 20:17:59,0.018264
2024-06-27 20:18:00,7.023784
2024-06-27 20:18:05,1.5706
2024-06-27 20:18:10,5.60872
2024-06-27 20:18:14,0.448496
2024-06-27 20:18:15,1.284752
2024-06-27 20:18:20,4.642264
2024-06-27 20:18:23,4.291592
2024-06-27 20:18:25,0.997144
2024-06-27 20:18:28,0.008512
2024-06-27 20:18:29,1.03016
2024-06-27 20:18:33,2.650856
2024-06-27 20:18:34,2.069448
2024-06-27 20:18:39,1.823792
2024-06-27 20:18:41,0.007872
2024-06-27 20:18:42,3.651896
2024-06-27 20:18:44,0.008512
2024-06-27 20:18:45,1.332
2024-06-27 20:18:48,3.610392
2024-06-27 20:18:52,0.941144
2024-06-27 20:18:57,3.914848
2024-06-27 20:18:58,0.170736
2024-06-27 20:19:01,3.15764
2024-06-27 20:19:05,4.035936
2024-06-27 20:19:08,3.439256
2024-06-27 20:19:14,0.456216
2024-06-27 20:19:15,1.799888
2024-06-27 20:19:19,2.758696
2024-06-27 20:19:22,1.854712
2024-06-27 20:19:25,5.943392
2024-06-27 20:19:32,4.383352
2024-06-27 20:19:35,0.008512
2024-06-27 20:19:36,5.53184
2024-06-27 20:19:39,0.908528
2024-06-27 20:19:42,6.07456
2024-06-27 20:19:45,0.008512
2024-06-27 20:19:46,4.892416
2024-06-27 20:19:49,1.020904
2024-06-27 20:19:52,0.00596
2024-06-27 20:19:53,0.06632
2024-06-27 20:19:54,5.74512
2024-06-27 20:19:57,0.060664
2024-06-27 20:19:59,0.981496
2024-06-27 20:20:03,2.176824
2024-06-27 20:20:07,0.956528
2024-06-27 20:20:11,1.466024
2024-06-27 20:20:14,0.455016
2024-06-27 20:20:16,2.671232
2024-06-27 20:20:20,3.386584
2024-06-27 20:20:25,1.831584
2024-06-27 20:20:29,3.182496
2024-06-27 20:20:32,0.008512
2024-06-27 20:20:33,2.668304
2024-06-27 20:20:37,2.183024
2024-06-27 20:20:42,1.385
2024-06-27 20:20:45,1.34028
2024-06-27 20:20:49,2.00068
2024-06-27 20:20:54,1.210768
2024-06-27 20:20:57,1.262712
2024-06-27 20:20:58,0.122544
2024-06-27 20:20:59,1.200864
2024-06-27 20:21:00,0.076816
2024-06-27 20:21:02,1.613296
2024-06-27 20:21:06,1.815656
2024-06-27 20:21:10,2.163872
2024-06-27 20:21:14,1.22044
2024-06-27 20:21:17,0.735376
2024-06-27 20:21:18,0.00048
2024-06-27 20:21:19,0.064464
2024-06-27 20:21:20,1.263976
2024-06-27 20:21:23,0.771888
2024-06-27 20:21:26,1.935944
2024-06-27 20:21:30,2.00764
2024-06-27 20:21:36,1.910824
2024-06-27 20:21:40,0.85528
2024-06-27 20:21:45,0.86136
2024-06-27 20:21:49,2.2886
2024-06-27 20:21:54,1.752184
2024-06-27 20:21:57,0.057536
2024-06-27 20:21:58,1.414544
2024-06-27 20:22:00,0.00032
2024-06-27 20:22:02,1.630856
2024-06-27 20:22:06,1.680096
2024-06-27 20:22:09,1.574888
2024-06-27 20:22:14,0.455248
2024-06-27 20:22:18,1.470304
2024-06-27 20:22:19,0.001528
2024-06-27 20:22:20,0.008512
2024-06-27 20:22:21,1.774544
2024-06-27 20:22:23,2.010904
2024-06-27 20:22:29,1.564208
2024-06-27 20:22:35,1.965096
2024-06-27 20:22:38,1.482824
2024-06-27 20:22:44,1.695008
2024-06-27 20:22:51,1.392704
2024-06-27 20:22:55,2.765624
2024-06-27 20:22:57,0.054064
2024-06-27 20:22:58,0.002488
2024-06-27 20:23:00,1.698768
2024-06-27 20:23:05,1.374888
2024-06-27 20:23:10,0.70912
2024-06-27 20:23:11,0.371328
2024-06-27 20:23:13,0.978808
2024-06-27 20:23:14,0.456352
2024-06-27 20:23:15,1.757912
2024-06-27 20:23:20,1.440512
2024-06-27 20:23:24,1.774864
2024-06-27 20:23:28,1.322792
2024-06-27 20:23:30,1.172456
2024-06-27 20:23:38,3.135768
2024-06-27 20:23:43,1.469792
2024-06-27 20:23:48,1.483928
2024-06-27 20:23:51,1.671
2024-06-27 20:23:54,1.272104
2024-06-27 20:23:57,0.05572
2024-06-27 20:23:58,0.120616
2024-06-27 20:23:59,0.926736
2024-06-27 20:24:00,0.01748
2024-06-27 20:24:01,0.140312
2024-06-27 20:24:03,2.886592
2024-06-27 20:24:06,0.055424
2024-06-27 20:24:08,1.679144
2024-06-27 20:24:14,0.463696
2024-06-27 20:24:15,0.954328
2024-06-27 20:24:16,0.00128
2024-06-27 20:24:17,0.008512
2024-06-27 20:24:18,0.782296
2024-06-27 20:24:20,1.581592
2024-06-27 20:24:24,1.74748
2024-06-27 20:24:28,1.954264
2024-06-27 20:24:33,1.98508
2024-06-27 20:24:38,1.665408
2024-06-27 20:24:43,1.378816
2024-06-27 20:24:48,2.15964
2024-06-27 20:24:52,4.70672
2024-06-27 20:24:53,0.068456
2024-06-27 20:24:57,1.795248
2024-06-27 20:24:58,0.058944
2024-06-27 20:25:02,1.482984
2024-06-27 20:25:04,0.00064
2024-06-27 20:25:07,1.317184
2024-06-27 20:25:12,2.399488
2024-06-27 20:25:14,0.454072
2024-06-27 20:25:16,1.980056
2024-06-27 20:25:20,1.803984
2024-06-27 20:25:24,1.6948
2024-06-27 20:25:29,1.862632
2024-06-27 20:25:33,3.134568
2024-06-27 20:25:37,2.233648
2024-06-27 20:25:40,2.4634
2024-06-27 20:25:43,3.796752
2024-06-27 20:25:48,4.095152
2024-06-27 20:25:51,1.83116
2024-06-27 20:25:56,2.211888
2024-06-27 20:25:58,0.130688
2024-06-27 20:25:59,1.143904
2024-06-27 20:26:03,1.05292
2024-06-27 20:26:06,1.902432
2024-06-27 20:26:10,4.551352
2024-06-27 20:26:14,0.454424
2024-06-27 20:26:15,2.586208
2024-06-27 20:26:18,0.00596
2024-06-27 20:26:19,1.64368
2024-06-27 20:26:23,2.31032
2024-06-27 20:26:26,1.143016
2024-06-27 20:26:27,0.391672
2024-06-27 20:26:29,1.718424
2024-06-27 20:26:37,2.244016
2024-06-27 20:26:42,3.048616
2024-06-27 20:26:44,0.008512
2024-06-27 20:26:45,2.077208
2024-06-27 20:26:47,3.15704
2024-06-27 20:26:52,3.643688
2024-06-27 20:26:56,3.12624
2024-06-27 20:26:58,0.063488
2024-06-27 20:27:01,0.076448
2024-06-27 20:27:04,3.438016
2024-06-27 20:27:09,1.462664
2024-06-27 20:27:14,2.362144
2024-06-27 20:27:19,2.087688
2024-06-27 20:27:24,2.404696
2024-06-27 20:27:29,0.914136
2024-06-27 20:27:34,2.65992
2024-06-27 20:27:39,1.934272
2024-06-27 20:27:41,1.421736
2024-06-27 20:27:44,1.310096
2024-06-27 20:27:49,1.00404
2024-06-27 20:27:53,2.136016
2024-06-27 20:27:57,0.8702
2024-06-27 20:27:58,0.14556
2024-06-27 20:28:00,0.008512
2024-06-27 20:28:01,2.166632
2024-06-27 20:28:03,0.00032
2024-06-27 20:28:04,1.052488
2024-06-27 20:28:07,1.16332
2024-06-27 20:28:11,1.354472
2024-06-27 20:28:14,0.514608
2024-06-27 20:28:15,1.00656
2024-06-27 20:28:17,0.008512
2024-06-27 20:28:18,2.104384
2024-06-27 20:28:26,1.559296
2024-06-27 20:28:29,1.451192
2024-06-27 20:28:33,1.268616
2024-06-27 20:28:36,1.509832
2024-06-27 20:28:42,1.275272
2024-06-27 20:28:47,1.315352
2024-06-27 20:28:50,0.950992
2024-06-27 20:28:52,0.070456
2024-06-27 20:28:53,0.923568
2024-06-27 20:28:58,1.242592
2024-06-27 20:29:02,2.007584
2024-06-27 20:29:07,1.03584
2024-06-27 20:29:10,0.94512
2024-06-27 20:29:12,1.017368
2024-06-27 20:29:14,0.455608
2024-06-27 20:29:15,1.346024
2024-06-27 20:29:24,1.674672
2024-06-27 20:29:28,0.008528
2024-06-27 20:29:29,1.01816
2024-06-27 20:29:32,1.218312
2024-06-27 20:29:35,1.163984
2024-06-27 20:29:40,1.333008
2024-06-27 20:29:43,5.675552
2024-06-27 20:29:47,6.678352
2024-06-27 20:29:56,6.024304
2024-06-27 20:29:58,2.314608
2024-06-27 20:29:59,4.140464
2024-06-27 20:30:01,0.00048
2024-06-27 20:30:02,0.026176
2024-06-27 20:30:04,5.196472
2024-06-27 20:30:09,4.586936
2024-06-27 20:30:12,3.95468
2024-06-27 20:30:14,0.45572
2024-06-27 20:30:18,0.008528
2024-06-27 20:30:19,2.115808
2024-06-27 20:30:22,5.375856
2024-06-27 20:30:28,1.864376
2024-06-27 20:30:32,1.623656
2024-06-27 20:30:35,2.271856
2024-06-27 20:30:39,1.855456
2024-06-27 20:30:45,2.332632
2024-06-27 20:30:50,2.043952
2024-06-27 20:30:55,2.685736
2024-06-27 20:30:58,0.055592
2024-06-27 20:31:00,1.180192
2024-06-27 20:31:02,0.00032
2024-06-27 20:31:04,1.48676
2024-06-27 20:31:05,2.420016
2024-06-27 20:31:09,3.052224
2024-06-27 20:31:13,1.6342
2024-06-27 20:31:14,0.513
2024-06-27 20:31:17,3.0888
2024-06-27 20:31:20,1.50688
2024-06-27 20:31:24,2.499336
2024-06-27 20:31:27,0.008528
2024-06-27 20:31:28,2.310224
2024-06-27 20:31:34,1.685968
2024-06-27 20:31:38,2.342656
2024-06-27 20:31:41,2.101632
2024-06-27 20:31:44,1.522064
2024-06-27 20:31:49,4.113112
2024-06-27 20:31:55,1.398696
2024-06-27 20:31:58,0.139992
2024-06-27 20:31:59,1.596712
2024-06-27 20:32:04,1.900072
2024-06-27 20:32:07,1.013672
2024-06-27 20:32:11,1.651736
2024-06-27 20:32:12,0.0742
2024-06-27 20:32:14,0.458024
2024-06-27 20:32:16,7.98352
2024-06-27 20:32:21,1.748712
2024-06-27 20:32:26,2.106
2024-06-27 20:32:31,2.1978
2024-06-27 20:32:35,0.638952
2024-06-27 20:32:36,1.302216
2024-06-27 20:32:41,1.413672
2024-06-27 20:32:46,0.936568
2024-06-27 20:32:48,0.86748
2024-06-27 20:32:55,3.111416
2024-06-27 20:32:58,0.061608
2024-06-27 20:33:02,4.39204
2024-06-27 20:33:07,8.543208
2024-06-27 20:33:12,8.598736
2024-06-27 20:33:14,0.456792
2024-06-27 20:33:17,3.309824
2024-06-27 20:33:22,2.329184
2024-06-27 20:33:27,2.124216
2024-06-27 20:33:30,2.990672
2024-06-27 20:33:37,3.160536
2024-06-27 20:33:41,1.52224
2024-06-27 20:33:46,2.683472
2024-06-27 20:33:49,1.207928
2024-06-27 20:33:57,6.023856
2024-06-27 20:33:58,0.05948
2024-06-27 20:34:01,0.008528
2024-06-27 20:34:02,2.47792
2024-06-27 20:34:04,1.596096
2024-06-27 20:34:06,0.00032
2024-06-27 20:34:08,1.346896
2024-06-27 20:34:11,2.944912
2024-06-27 20:34:14,0.456152
2024-06-27 20:34:15,1.429168
2024-06-27 20:34:18,2.161072
2024-06-27 20:34:23,10.15092
2024-06-27 20:34:26,2.72172
2024-06-27 20:34:31,2.822688
2024-06-27 20:34:34,0.008528
2024-06-27 20:34:35,2.642272
2024-06-27 20:34:38,2.041896
2024-06-27 20:34:41,2.179752
2024-06-27 20:34:44,3.309072
2024-06-27 20:34:48,3.707552
2024-06-27 20:34:51,2.824512
2024-06-27 20:34:56,3.139688
2024-06-27 20:34:58,0.139488
2024-06-27 20:35:01,2.80952
2024-06-27 20:35:05,4.18756
2024-06-27 20:35:08,1.33664
2024-06-27 20:35:13,2.504432
2024-06-27 20:35:14,0.45568
2024-06-27 20:35:17,1.636384
2024-06-27 20:35:20,2.533424
2024-06-27 20:35:28,4.101528
2024-06-27 20:35:32,2.971536
2024-06-27 20:35:38,1.736904
2024-06-27 20:35:41,1.559104
2024-06-27 20:35:44,0.008528
2024-06-27 20:35:45,1.039864
2024-06-27 20:35:49,1.124912
2024-06-27 20:35:50,1.474696
2024-06-27 20:35:54,1.04116
2024-06-27 20:35:58,2.235776
2024-06-27 20:36:02,0.00596
2024-06-27 20:36:03,3.528408
2024-06-27 20:36:08,2.089104
2024-06-27 20:36:13,1.999264
2024-06-27 20:36:14,0.457064
2024-06-27 20:36:18,1.392184
2024-06-27 20:36:21,1.284512
2024-06-27 20:36:24,1.583904
2024-06-27 20:36:28,0.463792
2024-06-27 20:36:29,1.140144
2024-06-27 20:36:33,1.765736
2024-06-27 20:36:36,0.008528
2024-06-27 20:36:37,1.923976
2024-06-27 20:36:40,2.522864
2024-06-27 20:36:46,1.595192
2024-06-27 20:36:51,1.468064
2024-06-27 20:36:55,1.371104
2024-06-27 20:36:58,1.639448
2024-06-27 20:37:02,1.510256
2024-06-27 20:37:06,2.169008
2024-06-27 20:37:07,1.431576
2024-06-27 20:37:10,1.831344
2024-06-27 20:37:14,0.456728
2024-06-27 20:37:16,1.929136
2024-06-27 20:37:20,2.14336
2024-06-27 20:37:25,2.569232
2024-06-27 20:37:33,1.88616
2024-06-27 20:37:36,1.370176
2024-06-27 20:37:41,1.673616
2024-06-27 20:37:45,1.19632
2024-06-27 20:37:49,0.008528
2024-06-27 20:37:50,0.881024
2024-06-27 20:37:54,2.344096
2024-06-27 20:37:57,0.905168
2024-06-27 20:37:58,0.0612
2024-06-27 20:38:01,0.937856
2024-06-27 20:38:03,0.00048
2024-06-27 20:38:04,0.062952
2024-06-27 20:38:06,2.220704
2024-06-27 20:38:07,0.009392
2024-06-27 20:38:09,1.323928
2024-06-27 20:38:12,1.1576
2024-06-27 20:38:14,0.45624
2024-06-27 20:38:15,3.31272
2024-06-27 20:38:21,0.008528
2024-06-27 20:38:22,2.454384
2024-06-27 20:38:29,2.19392
2024-06-27 20:38:32,2.253048
2024-06-27 20:38:37,3.279128
2024-06-27 20:38:41,2.83148
2024-06-27 20:38:45,1.977016
2024-06-27 20:38:49,2.655648
2024-06-27 20:38:55,0.008528
2024-06-27 20:38:56,3.326648
2024-06-27 20:38:58,0.055512
2024-06-27 20:38:59,1.689448
2024-06-27 20:39:03,0.076608
2024-06-27 20:39:04,1.796144
2024-06-27 20:39:07,0.001528
2024-06-27 20:39:09,3.37396
2024-06-27 20:39:11,0.003328
2024-06-27 20:39:12,0.032312
2024-06-27 20:39:14,2.584504
2024-06-27 20:39:18,0.008528
2024-06-27 20:39:19,2.039824
2024-06-27 20:39:21,0.00064
2024-06-27 20:39:22,1.605184
2024-06-27 20:39:26,2.866656
2024-06-27 20:39:29,2.1828
2024-06-27 20:39:35,2.5206
2024-06-27 20:39:39,2.096464
2024-06-27 20:39:44,2.69108
2024-06-27 20:39:49,1.23196
2024-06-27 20:39:54,3.004496
2024-06-27 20:39:58,0.05876
2024-06-27 20:39:59,4.300368
2024-06-27 20:40:04,1.34952
2024-06-27 20:40:05,0.00032
2024-06-27 20:40:09,2.291168
2024-06-27 20:40:13,0.008528
2024-06-27 20:40:14,4.838488
2024-06-27 20:40:19,3.183104
2024-06-27 20:40:22,1.996832
2024-06-27 20:40:28,1.119368
2024-06-27 20:40:31,1.181256
2024-06-27 20:40:34,1.363784
2024-06-27 20:40:37,1.442136
2024-06-27 20:40:41,1.861992
2024-06-27 20:40:44,3.255688
2024-06-27 20:40:49,1.64076
2024-06-27 20:40:54,4.762232
2024-06-27 20:40:58,2.209384
2024-06-27 20:41:03,2.765536
2024-06-27 20:41:08,4.501752
2024-06-27 20:41:13,3.102856
2024-06-27 20:41:14,0.456064
2024-06-27 20:41:17,1.941688
2024-06-27 20:41:22,2.197032
2024-06-27 20:41:27,2.919
2024-06-27 20:41:30,1.78848
2024-06-27 20:41:33,1.9962
2024-06-27 20:41:36,1.570608
2024-06-27 20:41:39,1.967808
2024-06-27 20:41:44,4.183856
2024-06-27 20:41:48,2.217992
2024-06-27 20:41:52,2.411816
2024-06-27 20:41:57,2.133352
2024-06-27 20:41:58,0.123088
2024-06-27 20:42:02,2.512816
2024-06-27 20:42:03,0.068056
2024-06-27 20:42:04,0.008784
2024-06-27 20:42:07,1.542824
2024-06-27 20:42:12,2.94976
2024-06-27 20:42:14,0.457792
2024-06-27 20:42:17,4.152408
2024-06-27 20:42:22,2.0536
2024-06-27 20:42:25,1.93748
2024-06-27 20:42:28,2.004616
2024-06-27 20:42:33,1.973056
2024-06-27 20:42:38,2.267984
2024-06-27 20:42:42,2.561536
2024-06-27 20:42:46,0.008528
2024-06-27 20:42:47,3.472136
2024-06-27 20:42:51,2.401528
2024-06-27 20:42:56,2.861288
2024-06-27 20:42:58,0.060168
2024-06-27 20:42:59,3.434352
2024-06-27 20:43:04,0.00032
2024-06-27 20:43:05,1.99612
2024-06-27 20:43:08,1.938816
2024-06-27 20:43:14,0.465496
2024-06-27 20:43:15,3.93512
2024-06-27 20:43:19,1.238256
2024-06-27 20:43:23,1.821248
2024-06-27 20:43:26,1.296824
2024-06-27 20:43:27,2.407504
2024-06-27 20:43:33,2.016424
2024-06-27 20:43:37,2.439312
2024-06-27 20:43:41,1.949888
2024-06-27 20:43:46,2.129008
2024-06-27 20:43:49,2.371368
2024-06-27 20:43:53,1.5018
2024-06-27 20:43:58,1.119328
2024-06-27 20:44:01,0.899384
2024-06-27 20:44:03,0.008528
2024-06-27 20:44:04,1.0562
2024-06-27 20:44:06,1.010448
2024-06-27 20:44:09,1.653048
2024-06-27 20:44:12,0.008528
2024-06-27 20:44:13,1.452456
2024-06-27 20:44:14,0.458736
2024-06-27 20:44:17,2.16924
2024-06-27 20:44:20,2.316288
2024-06-27 20:44:24,2.175616
2024-06-27 20:44:29,2.357056
2024-06-27 20:44:34,2.418112
2024-06-27 20:44:40,2.630352
2024-06-27 20:44:46,1.242208
2024-06-27 20:44:49,2.567704
2024-06-27 20:44:53,2.259712
2024-06-27 20:44:57,1.753272
2024-06-27 20:44:58,0.175144
2024-06-27 20:45:00,1.625928
2024-06-27 20:45:04,1.976024
2024-06-27 20:45:08,1.158504
2024-06-27 20:45:12,1.822424
2024-06-27 20:45:14,0.45764
2024-06-27 20:45:15,1.961888
2024-06-27 20:45:22,2.02956
2024-06-27 20:45:26,1.995536
2024-06-27 20:45:31,0.826032
2024-06-27 20:45:35,0.871688
2024-06-27 20:45:40,1.654384
2024-06-27 20:45:43,0.008528
2024-06-27 20:45:44,1.594024
2024-06-27 20:45:47,1.448472
2024-06-27 20:45:53,1.540272
2024-06-27 20:45:58,0.113792
2024-06-27 20:46:00,2.109016
2024-06-27 20:46:04,0.008528
2024-06-27 20:46:05,1.56836
2024-06-27 20:46:08,0.00032
2024-06-27 20:46:09,0.008528
2024-06-27 20:46:10,1.143272
2024-06-27 20:46:14,1.658248
2024-06-27 20:46:18,1.560192
2024-06-27 20:46:20,0.008528
2024-06-27 20:46:21,1.45332
2024-06-27 20:46:24,1.274568
2024-06-27 20:46:30,1.202256
2024-06-27 20:46:33,0.008528
2024-06-27 20:46:34,1.285016
2024-06-27 20:46:37,1.624512
2024-06-27 20:46:41,1.96728
2024-06-27 20:46:48,1.074216
2024-06-27 20:46:53,1.8378
2024-06-27 20:46:58,1.798848
2024-06-27 20:47:02,1.980304
2024-06-27 20:47:07,1.34736
2024-06-27 20:47:12,1.623272
2024-06-27 20:47:14,0.457528
2024-06-27 20:47:16,5.527072
2024-06-27 20:47:21,5.977632
2024-06-27 20:47:28,5.689408
2024-06-27 20:47:29,1.077896
2024-06-27 20:47:35,4.50816
2024-06-27 20:47:39,3.904752
2024-06-27 20:47:45,4.220144
2024-06-27 20:47:49,1.265776
2024-06-27 20:47:50,3.86524
2024-06-27 20:47:54,1.884472
2024-06-27 20:47:58,0.059384
2024-06-27 20:47:59,1.797776
2024-06-27 20:48:04,0.056952
2024-06-27 20:48:05,4.300112
2024-06-27 20:48:10,4.7366
2024-06-27 20:48:14,0.45736
2024-06-27 20:48:15,1.220952
2024-06-27 20:48:20,8.472272
2024-06-27 20:48:25,4.975864
2024-06-27 20:48:28,1.28148
2024-06-27 20:48:32,4.046024
2024-06-27 20:48:36,2.006624
2024-06-27 20:48:43,2.647176
2024-06-27 20:48:48,5.524136
2024-06-27 20:48:53,8.533624
2024-06-27 20:48:57,5.246744
2024-06-27 20:48:58,0.173632
2024-06-27 20:49:01,4.625768
2024-06-27 20:49:05,2.049216
2024-06-27 20:49:06,0.00032
2024-06-27 20:49:10,1.15336
2024-06-27 20:49:11,1.593136
2024-06-27 20:49:14,0.458184
2024-06-27 20:49:15,1.728784
2024-06-27 20:49:18,1.623936
2024-06-27 20:49:24,1.69736
2024-06-27 20:49:27,1.404568
2024-06-27 20:49:30,1.256984
2024-06-27 20:49:33,0.034392
2024-06-27 20:49:35,2.185328
